{"stats":{"minecraft:used":{"friendsandfoes:illusioner_spawn_egg":8,"friendsandfoes:iceologer_spawn_egg":4,"minecraft:ravager_spawn_egg":2,"friendsandfoes:mauler_spawn_egg":1,"minecraft:villager_spawn_egg":33,"friendsandfoes:tuff_golem_spawn_egg":1,"minecraft:grass_block":70,"bloomingnature:sungrass":2,"minecraft:chicken_spawn_egg":5,"guardvillagers:illusioner_spawn_egg":2,"minecraft:stone":1,"minecraft:zombie_spawn_egg":4,"minecraft:dark_oak_slab":68,"minecraft:vindicator_spawn_egg":6,"minecraft:evoker_spawn_egg":3,"inka:coca":1,"guardvillagers:guard_spawn_egg":2,"minecraft:cooked_beef":2,"minecraft:pillager_spawn_egg":3,"minecraft:milk_bucket":1,"minecraft:fern":1},"minecraft:picked_up":{"iceandfire:pixie_dust":1,"minecraft:feather":5,"minecraft:chicken":5,"minecraft:leather_leggings":1,"friendsandfoes:totem_of_illusion":10,"minecraft:tuff":1,"minecraft:shield":1,"minecraft:white_banner":2,"lightmanscurrency:coin_emerald":6,"lightmanscurrency:coin_copper":130,"minecraft:arrow":9,"minecraft:rotten_flesh":4,"minecraft:bow":2,"minecraft:chainmail_leggings":1,"lightmanscurrency:coin_gold":25,"minecraft:blue_ice":6,"minecraft:totem_of_undying":4,"minecraft:bread":2,"minecraft:saddle":3,"minecraft:emerald":14,"lightmanscurrency:coin_iron":61,"minecraft:iron_sword":2,"friendsandfoes:totem_of_freezing":4},"minecraft:killed":{"minecraft:pillager":3,"guardvillagers:guard":2,"minecraft:evoker":3,"friendsandfoes:tuff_golem":1,"minecraft:zombie":10,"doppelgangermod:dpchicken":32,"minecraft:chicken":5,"minecraft:vindicator":6,"minecraft:illusioner":9,"iceandfire:pixie":1,"minecraft:ravager":3,"minecraft:villager":39,"friendsandfoes:iceologer":4},"minecraft:dropped":{"minecraft:totem_of_undying":1},"minecraft:custom":{"minecraft:time_since_rest":31994,"minecraft:waystone_activated":1,"minecraft:sprint_one_cm":145906,"minecraft:damage_taken":190,"minecraft:walk_one_cm":85559,"minecraft:mob_kills":120,"minecraft:drop":1,"minecraft:damage_dealt":40278,"minecraft:damage_dealt_absorbed":80,"minecraft:swim_one_cm":6649,"minecraft:fly_one_cm":630625,"minecraft:crouch_one_cm":1484,"minecraft:play_time":87295,"minecraft:deaths":1,"minecraft:sneak_time":1501,"minecraft:walk_under_water_one_cm":12485,"minecraft:jump":700,"minecraft:time_since_death":31962,"minecraft:leave_game":5,"minecraft:walk_on_water_one_cm":1416,"minecraft:total_world_time":143344,"minecraft:fall_one_cm":2770}},"DataVersion":3465}